Hero,recharging time,hybrid defense,knocking them back,physical pen,immobilizing,mobility,healing effect,debuffs,blink,decimation,physical basic attack,burst,the oriental fighters,magic damage skill,magic power,immobilize,true damage skill,teleport,slowing,cd,leaps,magic defense,slows,dodge,mark,attack effect,mana,conceal,enhanced basic attack,slow immunity,energy charging time,forsaken light,reduce dmg,attack effects,attack speed,atk speed,slowed,minions,basic attack,creeps,suppression,damage reduction,crit chance,mana cost,magic basic attack,slow,revealing,magic damage,debuff,lost hp,pulling,knocked back,creep,control immunity,dash,charges,use again,skill damage,cc,magic skill,immobilized,heal,atk effect,crit rate,physical,remove cc,airborne,physical atk,energy cost,charge,dashes,turrets,extra physical atk,control effects,morph,skill terms,cooldown reduction,death immune,summon,immune to control effects,lifesteal,stun,knocking back,aoe,exceptional status,max mana,cooldown,movement speed,critically strike,max hp,passive,basic attacks,displacement,controlled,teleports,pulls,physical damage,energy,rage,cooldowns,invincible,pull,damage,knock back,active,critical chance,shield,knocking them airborne,vision,physical defense,jumps,speed up,hp,untargetable,stunning,physical attack,extra physical attack,critical damage,regen effect,crit damage,hybrid lifesteal,stunned,buff,true damage,physical skill,physical damage skill,spell vamp,magic lifesteal
Miya,,,,,1.0,,,1.0,,,1.0,,,,,1.0,,,1.0,,,,,,,1.0,,1.0,,,,,,1.0,1.0,,,,1.0,,,,,1.0,,,,,,,,,,,,,,,1.0,,,,,1.0,,1.0,,,,,,,,,,1.0,,,,,,,,1.0,1.0,,1.0,1.0,,,,,,,,,1.0,,,,,,,,,,,,,,,,,,,,,,,,,,1.0,,,1.0,,
Balmond,,,,,,1.0,,,1.0,,,1.0,,,,,1.0,,,,,,,,,,,,,,,,,,,,,,,,,,,,,1.0,,,,1.0,,1.0,,,,,,,,,,1.0,,,,,,,,,,,,,,1.0,,,,,,,,1.0,,,1.0,1.0,1.0,1.0,,,,,,,1.0,,,,,,,,,,,,,,,,,,,,,,,,,,1.0,1.0,,1.0,,
Saber,,,,,,1.0,,,1.0,,1.0,1.0,,,,,,,,,,,1.0,,,,,,,,,,,,,,,,1.0,,,,,1.0,,,,,1.0,,,,,,,,,,1.0,,,,,,,,1.0,,,1.0,1.0,,,,,1.0,,,,,,,,1.0,,,1.0,,,,,,,,,,1.0,,,,,,,,,,,,,1.0,,,,,,,,,,,,,1.0,,1.0,1.0,,
Alice,,,,,,1.0,1.0,,1.0,,,,,1.0,,1.0,,,,,,,,,,,1.0,,,,,,,,,,1.0,,,,,,,1.0,,,,1.0,,,,,1.0,,,,,,1.0,,,1.0,,,,,,,,,,,,,,1.0,,,,,,,,1.0,,1.0,1.0,1.0,,1.0,,,,,1.0,,,,,,,,,,,,,,,,,,1.0,,,,,,,,,,1.0,,,,,
Nana,,,,,,,,1.0,,,,1.0,,1.0,,,,,1.0,,,1.0,,,,,,,,,,,,,,,,,,,,,,1.0,,1.0,,1.0,1.0,,,,,,,,,,1.0,,,,,,,,,,,,,,,,,1.0,,1.0,,,,,,1.0,,,1.0,1.0,,1.0,,,,,,,,,,,1.0,,,,,,,,,,,,,1.0,,,,,,,,1.0,,,,,,
Tigreal,,,,,,1.0,,,,,1.0,,,,,,,,1.0,,,,,,,,,,,,,,,,,,,,1.0,,1.0,,,1.0,1.0,1.0,,,,,1.0,,,,,1.0,,,1.0,,,,,,,,,,,1.0,,,,1.0,,1.0,,,,,,1.0,,1.0,,,1.0,1.0,,,,,1.0,,,,1.0,,,,,1.0,,,,,,1.0,,,,,,,1.0,,,,,,,,1.0,,1.0,1.0,,
Alucard,,1.0,,,,1.0,,,1.0,,1.0,1.0,,,,,,,1.0,,,1.0,,,,,,,,,,,,,,,,,,,,,,,,,,,,,,,,,1.0,,1.0,,,,,,,,,,,,,,,,,,,1.0,,,,,,,,1.0,,,1.0,1.0,,,,,,,,,1.0,,,,,,,,,,,,,1.0,,,,,,,,,,,1.0,,1.0,,,1.0,,
Karina,,,,,,1.0,,,1.0,,,1.0,,1.0,,,1.0,,,,,,1.0,1.0,,,,,,,,,,,,,,,,,,,,1.0,1.0,,,1.0,,1.0,,,,,,,,,,,,,,,,,,,,,1.0,,,,,1.0,,,,,,,,1.0,,,1.0,1.0,,,,,,,,,,,,1.0,,,,,,,,,,,,1.0,,,,,,,,,,,1.0,1.0,,,,
Akai,,,1.0,,,1.0,,1.0,1.0,,,,,,,,,,1.0,,,,,,,,,,,1.0,,,,,,,,,,1.0,,,,1.0,,,,,,,,,,,,1.0,,,1.0,,,,,,,,,,,,,,,,1.0,1.0,,,,,,,,1.0,1.0,,1.0,1.0,,1.0,,1.0,1.0,,,,1.0,,,,,,,,,,1.0,,,,,,,,,,,,,,,,1.0,,,1.0,,
Franco,,,,,,,,,,,,1.0,,,,,,,1.0,,,,,,,,,,,,,,,,,,,,,,,,,1.0,,1.0,,,,,,,,,,,,,1.0,,,,,,,,,,,,,,,,,1.0,,,,,,,,,,,1.0,1.0,,1.0,,,1.0,,,,1.0,,,,,,1.0,,,,,,,,,,,,,,,,,,,,1.0,,,1.0,,
Bane,,,,,,,1.0,,,,1.0,1.0,,1.0,1.0,,,,1.0,,,,,,,,,,,,,,,,,,1.0,,,,,,,1.0,,,,1.0,,1.0,,,,,,,,,1.0,,,1.0,,,,,1.0,,,,,1.0,,,,1.0,,,,,,,,1.0,,,1.0,1.0,,1.0,,,,,,,1.0,,,,,,1.0,,,,,,,,,,,,,1.0,,,,,,,,,,1.0,,
Bruno,,,1.0,,,1.0,,,1.0,,1.0,1.0,,,,,,,1.0,,,,,,,,,,,,,,,,,,,,1.0,,,,,1.0,,1.0,,,,,,,,,,,,,1.0,,,,,1.0,,,,,,,,,,,,1.0,,,,,,1.0,,,,,1.0,1.0,,,,,1.0,,,,1.0,,,,,,1.0,,,,,,,1.0,,,,,1.0,1.0,,,,,,,1.0,,,1.0,,
Clint,1.0,,,,1.0,1.0,,,1.0,,1.0,1.0,,,,1.0,,,1.0,,,,,,,1.0,,,,,1.0,,,,,,,,1.0,,,,,1.0,,1.0,,,,,,,,,,,,,1.0,,,,,,,,,,,,,,,,,1.0,,,,,,,,1.0,,,1.0,1.0,1.0,,,,,,,,1.0,,,,,,,,,,,,,,,,,,,,,,,,,,,,,1.0,,
Rafaela,,,,,,,1.0,,,,,1.0,,1.0,1.0,,1.0,,1.0,,,,,,,,,,,1.0,,,,,,,,,,,,,,1.0,,1.0,1.0,1.0,,,,,,,,,,,1.0,,,1.0,,,,,,,,,,,,,,1.0,,,,,,1.0,,1.0,,,1.0,1.0,,1.0,,,,,,,,,,,,,,,,,,,,,,1.0,1.0,,1.0,,,,,,,,,1.0,,,,
Eudora,,,,,,,,,,,,1.0,,1.0,,,,,,,,,,,,,,,,,,,,,,,,,,,,,,1.0,,,,1.0,,,,,,,,,,,1.0,,,,,,,,,,,,,,,,,1.0,,,,,,1.0,,1.0,,,1.0,,,,,,,,,,,,,,,,1.0,,,,,,,,,,,,1.0,,,,,,,,1.0,,,,,
Zilong,,,,,,1.0,,,1.0,,1.0,,1.0,,,,,,,,,,,,,,,,,1.0,,,,,1.0,,,,1.0,,,,,1.0,,1.0,,,1.0,,,,,,,,,,1.0,,,1.0,,,,,1.0,,,,,,,,,1.0,,,,,,,,,1.0,,1.0,1.0,,,,1.0,,,,,1.0,,,,,,1.0,,,,,,,1.0,,1.0,1.0,,,,,,,,,,1.0,,,1.0,,
Fanny,,,,,,1.0,,,1.0,,,1.0,,,,,,,,,1.0,,,,,,,,,,,,,,,,,,,,,,,,,,,,,,,,1.0,,,,,,,,,,,,,,,,1.0,1.0,,,,,,1.0,,,,,,,,1.0,,,1.0,,,,,,,,,,1.0,1.0,,,,,,,,,,,,,,,,,,,,,,,,,1.0,,,1.0,,
Layla,,,,,,,,,,,1.0,1.0,,,,,,,,,,,,,,,,,,,,,,,,,,,,,,,,1.0,,1.0,,,,,,,,,,,,,,,,,,,,,,,,,,,,,,1.0,,,,,,,,1.0,,,1.0,1.0,1.0,,1.0,,,,,,1.0,,,,,,,,,,,,,,,,,,,,,,,1.0,,,1.0,,,1.0,,
Minotaur,,1.0,,,,,1.0,,1.0,,,,,,,,1.0,,,,,1.0,,,,,,,,,,,,,,,,,1.0,,,,,,,1.0,,,,1.0,,,,,,,,,1.0,,,1.0,,,,,1.0,,,,,,,1.0,,1.0,,,,,,,,,,,1.0,1.0,,1.0,,,,,,,1.0,,,,,,,,,,,,,1.0,,,1.0,,,,,,,,,,1.0,1.0,,1.0,,
Lolita,,,,,,1.0,,,1.0,,,,,,,,,,1.0,,,,,,,,,,,,,,,,,,,1.0,1.0,,,,,1.0,,,,,,,,,,,1.0,,,,1.0,,,,,,,,,,,,1.0,,,,,1.0,,,,,,1.0,,1.0,,,1.0,1.0,,,,1.0,,,,,1.0,,,,,,1.0,,,,1.0,,,,,,,,1.0,,,,,,,,,,,1.0,,
Hayabusa,,,,,,1.0,,,1.0,,,1.0,,,,,,,1.0,,,,,,,,,,,,,,,,,,,,,,,,,,,,,,,,,,,,,,,,,,,,,,,,,,1.0,,1.0,,,,,1.0,,,1.0,,,,,,,,1.0,1.0,,,,,,,1.0,,1.0,1.0,,,,,1.0,,,,,,,,,,,,,,1.0,,,,,,1.0,,,1.0,1.0,
Freya,,,,,,1.0,,,1.0,,1.0,1.0,,,,,,,1.0,,1.0,,,,,,,,,,,,,,1.0,,,,,,,,,,,,,,,,1.0,,,,,,,,,,,,,,,,1.0,,,,,,,,1.0,1.0,,,,,,,,,,,1.0,1.0,,,,1.0,1.0,,,,1.0,,,,,,,,,,1.0,,,,,,,,,1.0,,,,,,,,,,,,
Gord,,,,,,,,,,,,1.0,,1.0,,,1.0,,,,,,,,,,,,,,,,,,,,,,,,,,,1.0,,1.0,,1.0,,,,,,,,,,,1.0,,,,,,,,,,,,,,,,,1.0,,,,,,1.0,,1.0,,,1.0,,,,,1.0,,,,,,,,,,,,,,,,,,,,,,,1.0,,,,,,,,1.0,1.0,,,,
Natalia,1.0,,,,,1.0,,,1.0,,1.0,,,,,,,1.0,1.0,,,,,1.0,,,,1.0,,,,,,,,,,,,1.0,,,1.0,1.0,,1.0,,,,,,,,,,,,,,,,,,1.0,,,,,,,1.0,,,,,1.0,,,,,,,,1.0,,,1.0,1.0,,,1.0,,,,,,1.0,,,,,,,,1.0,,,,,,,,,,,,,,,1.0,,,1.0,,,1.0,,
Kagura,,,1.0,,,1.0,,,,,,1.0,,,,,,,1.0,,,,,,,,,,,,,,,,,,,,,,,,,1.0,,1.0,,1.0,,,,,,,,,,,1.0,,,,,,,1.0,,,,,,,,1.0,,,,,,,,,,,,,1.0,,,,,,,,1.0,,,,,,,,1.0,,,,1.0,,,,,,,,1.0,,,,,,,,,,,,,
Chou,,,1.0,1.0,,1.0,,,1.0,,1.0,1.0,,,,,,,,1.0,,,,,,,,,,,,,,,,,,,1.0,,,,,,,,,,,,,,,1.0,,,,,1.0,,,,,,,,1.0,,,,1.0,,,,,1.0,,,,,,,,1.0,,,1.0,1.0,,,,,,,,,1.0,,,,,,,,,,1.0,,,,1.0,,,,,,,,,,,,1.0,,1.0,,,
Sun,,,,,,1.0,,,,,,,,,,,,,,1.0,,,,,,,,,,,,,,1.0,,,,,,1.0,,,,1.0,,,,,1.0,,,,,,,,,,,,,1.0,,,,,,,,,,,,,,1.0,,,1.0,,,,,1.0,,,1.0,,,,,,,,,,1.0,,,,,,,,,,,,,1.0,,,,,,1.0,,,,,,,,,,,,
Alpha,,,,,,1.0,,,1.0,,,,,,,,1.0,,1.0,,,,,,,,,,,,,,,,,,,,,,,,,1.0,,1.0,,,,,,,,,,,,,1.0,,,1.0,,,,,1.0,,,,,,,,,1.0,,,,,,1.0,,1.0,,,1.0,1.0,,,,,,,,,1.0,,,,,,1.0,,,,,,,,,,1.0,,1.0,,,,,,,,,1.0,,1.0,,
Ruby,,,,,,,,,1.0,,,,,,,,,,1.0,,,1.0,,,,,,,,,,,,,,,,,,,,,,1.0,,1.0,,,,,1.0,,,,1.0,,,,1.0,,,,,,1.0,,,,,,,,,,,1.0,,,,,1.0,1.0,,1.0,,,1.0,1.0,,,,1.0,1.0,,,,1.0,,,,,,,,,,,,,,,,,,1.0,,,,,,,,1.0,,,1.0,1.0,
Yi Sun-shin,,,,,,1.0,,,1.0,,1.0,,,,,,,,,,,,,,,,,,,,,,,,,,,,1.0,,,,,1.0,,,,,,,,,,,,,,,,,,,1.0,,,,,,,,,,,,,1.0,,,,,,,,1.0,,,1.0,1.0,,,,,,,,,1.0,,,,,,,,,,,,,,,,,,,,,,,1.0,,1.0,,,1.0,,,
Moskov,,,1.0,,,1.0,,,1.0,,1.0,,,,,,,1.0,,,,,,,,,,,,,,,,,1.0,,1.0,,1.0,,,,,1.0,,1.0,,,,,,,,,,,,,1.0,,,,,,,,,,,,,,,,,1.0,,,,,,1.0,,,,,1.0,,,,,1.0,1.0,,,,1.0,,,1.0,,,1.0,,,,,,,,,,,,,1.0,,,,,,1.0,1.0,,,1.0,,
Johnson,,,,,,,,,,,,,,1.0,,,,,1.0,,,,1.0,,,,,,,,,,,,,,,,,,,,,,,1.0,,1.0,,,,,,,,,,,1.0,,,,,,,,,,,1.0,,,,,1.0,1.0,,,,,,1.0,,1.0,,,1.0,,,,,,,,,,,,,,,,,,,,1.0,,,1.0,,1.0,1.0,,1.0,,,,,,,1.0,,,,,,
Cyclops,,,,,1.0,,,,,,,,,,,,,,,,,,,,,,,,,,,,,,,,,,,,,,,1.0,,,,1.0,,,,,,,,,,,,1.0,1.0,,,,,,,,,,,,,,,1.0,,,,,,,,1.0,,,1.0,1.0,,,,,,,,,,,,,,,,,,,,,,,,,,,,,,,,,,,1.0,,,,,
Estes,,1.0,,,,,1.0,,,,,,,1.0,,,,,1.0,,,,,,,,,,,,,,,,,,1.0,,1.0,,,,,1.0,1.0,1.0,,1.0,,,,,,,,,,,,,,1.0,,,,,,,,,,,,,,1.0,,,,,,,,1.0,,,1.0,1.0,,,,,,,,,,,,,,,,,,,,,,,,,1.0,,,,,,1.0,,,,1.0,,,,,
Hilda,,,,,,,,,,,,,,,,,,,,,,,,,,,,,,,,,,,,,,,,,,,,,,,,,,,,,,,,,,,,,,,,,,,,,,,,,,,,,,,,,,,,,,,,,,,,,,,,,,,,,,,,,,,,,,,,,,,,,,,,,,,,,,,,
Aurora,,,,,,,,,,,,,,,,,,,1.0,,,,1.0,,,,,,,,,,,,,,1.0,,,,,,,1.0,,1.0,,1.0,,,,,,,,,,,,1.0,,,,,,,,,,,,,,,,1.0,,,,,,,,1.0,,,1.0,1.0,,,,,,,,,,,,,,,1.0,,,,,,,,,,,,,,,,,,,,1.0,,,,,
Lapu-Lapu,,,,,,1.0,,,1.0,,,1.0,,,,,,,1.0,,,1.0,,,,,,,,,,,1.0,,,,,,1.0,,,1.0,,,,1.0,,,,,,,,1.0,,,,,1.0,,,,,,1.0,,,,,,,,,,1.0,1.0,,,,,,,,1.0,,,1.0,1.0,,,,,,,,,1.0,,,,,,1.0,,,,1.0,,,,,,,,,,,,,,,1.0,1.0,,1.0,,,
Vexana,,,,,,,,,,,,,,,,,,,,,,,,,,,,,,,,,,,,,,,,,,,,1.0,,,,1.0,,,,,,,,,,,1.0,,,,,,,,,,,,,,,,,,,,1.0,,,,,1.0,,,1.0,,,,,,,,,,,,,,,,1.0,,,,,,,,,,,,,,,,,,,,,,,,,
Roger,,,,,,1.0,,,1.0,,,1.0,,,,,,,1.0,,,1.0,1.0,,,,,,,,,,,,1.0,,,,,1.0,,,,1.0,,,,,1.0,1.0,,,,,,,,,,,,,,,1.0,,,,,,,,,,1.0,1.0,,,,,,,,,,,1.0,1.0,,,,,,,,,1.0,,,,,,1.0,,,,1.0,,1.0,1.0,,1.0,1.0,1.0,,,,,,,,,1.0,,1.0,1.0,,
Karrie,,,,,,1.0,,,1.0,,1.0,1.0,,,,,,,,,,,,,,1.0,,,,,,,,,,,,,,,,,,1.0,,,,,,,,,,,,,,,,,,,,,,,,,,,,,,,,1.0,,,,,,,,,,,1.0,1.0,,1.0,,,,,,,1.0,,,,,,1.0,,,,,,,,,,,,,,,,,,,,1.0,1.0,1.0,,,
Gatotkaca,,,,,,1.0,1.0,,,,,,,1.0,1.0,,,,,,,,,,,,,,,,,,,,,,1.0,,1.0,,,,,,,1.0,,1.0,,1.0,,,,,,,,,1.0,,,1.0,,,,,1.0,,,,,,,,,1.0,,,,,,,,1.0,,,1.0,1.0,,1.0,,,,,,,,,1.0,,,,,,,,,,,1.0,1.0,,,,,,,,,,,,1.0,,,,,
Harley,,,,,,1.0,,,1.0,,,1.0,,1.0,,,,,,,,,,,,,,,,,,,,,,1.0,,,1.0,,,,,1.0,1.0,1.0,,1.0,1.0,,,,,,,,,,,,,,,,,,,,,,,,,,,1.0,,,,,,,,1.0,,,1.0,1.0,,,,,,,,,,,,,,,,,,,,,,,,1.0,,,,,,,,,,,1.0,,,,,
Irithel,,,,,,1.0,,,,,1.0,,,,,,,,1.0,,,,,,,1.0,,,,,,,,1.0,,,,,1.0,,,,,,,1.0,,,1.0,,,,,,,,,,,,,,,,,,,,1.0,,,,,,,1.0,,,,,,,,1.0,,,1.0,1.0,,,,1.0,,,,,1.0,,,,,,,,,,,,,1.0,,,,,,,,,,,,,1.0,,,1.0,,
Grock,,,,,,1.0,,,,,,,,,,,,,,1.0,,1.0,,,,,,,,,,,,,,,,,,,,,,1.0,,1.0,,,,,,,,1.0,,,,,1.0,,,,,,,,1.0,,,1.0,,,,,,1.0,,,,,,,,1.0,,,1.0,1.0,,,,,,,,,1.0,,,,,,,,,,,,,1.0,,,,,,,,,,,,,1.0,,1.0,,,
Argus,,,,,,1.0,,1.0,1.0,,1.0,,,,,,,,1.0,,,,,,,,,,,,,,,,,,,1.0,,,1.0,,,,,,,,1.0,,1.0,,,,,,,,,,,,,,,,,,,,,1.0,,,,1.0,,1.0,,,,,,1.0,,,1.0,1.0,,,,,,,,,1.0,,,,,,1.0,,,,,,,1.0,,,1.0,,1.0,,,,,,,1.0,1.0,,1.0,,,
Odette,,,,,1.0,1.0,,,,,,1.0,,,,,,,1.0,,,,1.0,,,,,,,,,,,,,,,,1.0,,,,,1.0,1.0,1.0,,1.0,,,,,,,,,,,1.0,1.0,,,,,,,,,,,,,,,,1.0,,,,,,,,1.0,,,1.0,1.0,,,,,,,,,,,,,,,1.0,,,,1.0,,,,,,,,,,,,,,,,1.0,,,,,
Lancelot,,,,,,1.0,,,1.0,,,1.0,,,,,,,,1.0,,,,,,,,,,,,,,,,,1.0,,,,,,,1.0,,1.0,,,,,,,,,,,,,,,,,,,,,,,,,,,,,,1.0,,,,,,,,1.0,,,1.0,,,,,,,,,,1.0,,,,1.0,,,,,,,,,,,,,1.0,,,1.0,,,,,,1.0,,1.0,,1.0,
Diggie,,,,,,,,,,,,,,1.0,,,,,1.0,,,,1.0,,,,,,,,,,,,,,,,,,,,,1.0,,1.0,,1.0,,,,,,1.0,,,,,1.0,1.0,,,,,,,,,,,,,,,,1.0,,,,,,,,1.0,,,1.0,1.0,,,,,,,,1.0,,,,,1.0,,1.0,,,,1.0,,,,,1.0,,1.0,,,,,,,,,1.0,,,,,
Hylos,,,,,,,,,,,,,,1.0,,,,,1.0,,,,,,,,,,,1.0,,,,,1.0,,1.0,,1.0,,,,,1.0,,,,1.0,,,,,,,,,1.0,1.0,1.0,,,1.0,,,,,,,,,,,,,,1.0,,,,,,1.0,,1.0,,1.0,1.0,1.0,,1.0,,,,,,,,,,,,,1.0,,,,,,,,,1.0,,,,,,,,,,,1.0,,,,,
Zhask,,,,,,,,,,1.0,,,,1.0,1.0,,,,1.0,,,,,,,,,,,,,,,,,,,,,,,,,1.0,,1.0,,1.0,,,,,,,,,1.0,,1.0,1.0,,,,,,,,,,,,,,,1.0,1.0,,,1.0,,,1.0,,1.0,,,1.0,1.0,1.0,,,,,,,,,,,,,,1.0,,,,,,,,,,,,,,,,,,,1.0,1.0,,,,,
Helcurt,,,,,,1.0,,,1.0,,,1.0,,,,,,,1.0,,,,,,,,,,,,,,,,1.0,,,1.0,1.0,1.0,,,,1.0,,1.0,,,1.0,,,,,,,,,,1.0,,,,,,,,,,,,,,,,,1.0,,,,,,,,,,,1.0,1.0,1.0,,,,,,,,1.0,,,,,,,,,,,,,,,,,,,,1.0,,,,,,1.0,,,1.0,,
Pharsa,,,,,,,,,,,,,,,,,,,,,,,,,,,,,,,,,,,,,,,,,,,,,,,,,,,,,,,,,,,,,,,,,,,,,,,,,,,,,,,,,,,,,,,,,,,,,,,,,,,,,,,,,,,,,,,,,,,,,,,,,,,,,,,,
Lesley,,,1.0,1.0,,1.0,,,1.0,,1.0,1.0,,,,,,,,,,,,,,,,1.0,,,,,,,,,,,1.0,,,,1.0,,,,,,,1.0,,1.0,,,,,,,1.0,,,,,1.0,,,,1.0,1.0,,,,1.0,,,1.0,,,,,,,,,,,1.0,1.0,,,,,,,,,1.0,1.0,,,,,,,,1.0,,,1.0,,,,1.0,,,1.0,,1.0,,,,,1.0,1.0,1.0,,,
Jawhead,,,,,,1.0,,,1.0,,1.0,1.0,,,,,,,,,,,,,,,,,,,,,,,,,,,,,,,,1.0,,,,,,,,1.0,,,,1.0,,,1.0,,,,,,,,,,,,,,,,,1.0,,,,1.0,,1.0,,,,,1.0,1.0,,,,,1.0,,,,1.0,,,,,,,,,,1.0,,,,,,,,1.0,,,,,,,,1.0,,,1.0,,
Angela,1.0,,,,,,1.0,,,,,,,1.0,,1.0,,,1.0,,,,1.0,,,,1.0,,,,,,,,,,,,,,,,,1.0,,1.0,1.0,1.0,,,,,,,,,,,1.0,,1.0,1.0,,,,,,,,,,,,,,1.0,1.0,,,,,,,1.0,,,1.0,1.0,,,,,,,,,,,,,,,,,,,1.0,,,,,1.0,1.0,,,,,,,,,,,,,,,
Gusion,,,,,,1.0,,,1.0,,,,,,,,,,1.0,,,,,,,,,,,,,,,,,,,,1.0,,,,,1.0,1.0,1.0,,1.0,,1.0,,,,,,,1.0,,,1.0,,1.0,,,,,,,,,1.0,,,,,1.0,,,,,,,,1.0,,,1.0,1.0,,,,,,,,,,,,,,,1.0,,,,,,,,,,1.0,,,,,,1.0,,,,1.0,,,,,
Valir,,,,,,,,,,,,,,,,,,,,,,,,,,,,,,,1.0,,,,,,,,,,,,,1.0,,1.0,,1.0,,,,1.0,,,,,,,1.0,1.0,,,,,,1.0,,,,,,,,,,1.0,,,,,,1.0,,1.0,,,1.0,1.0,,1.0,,,,,,,,,,,,,1.0,,,,,,,,,,,,,,,,,,,,1.0,,,,,
Martis,,,,,,1.0,,,1.0,1.0,,1.0,,,,,,,1.0,,1.0,,,,,,,,,,,,,,1.0,,,,,,,1.0,,,,,,,,,,,,1.0,,,,,1.0,,,,,,,,,,,,,,,,,1.0,,,,,,,,1.0,,,1.0,1.0,,,,,,,,,1.0,,,,,,,,,,,1.0,,,,,,,,,1.0,,,,,,1.0,,,1.0,,
Uranus,,,,,,1.0,1.0,,,,,,,,,,,,,,,,,,,,,,,1.0,,,,,,,,,,,,,,1.0,,1.0,,1.0,,,,,,,,,,,,1.0,,1.0,,,,,,,,,,,,,,1.0,,,,,,,,1.0,,,1.0,1.0,,,,,,,,,,,,,,,,,,,1.0,,,,,1.0,,,,,,,,,,,1.0,,,,,
Hanabi,,,,,1.0,,,,,,,,,,,1.0,,,,,,,,,,,,,,,,,,1.0,1.0,,,,,,,,,1.0,,,,,,,,,,1.0,,,,,1.0,,,,,,,,,,,,,,,1.0,,1.0,,,,,,,,1.0,,,1.0,1.0,,,,1.0,,,,,1.0,,,,,,,,,,1.0,,,,,,1.0,,,,,,,,,,1.0,,,1.0,,
Chang'e,,,,,,,,,,,,1.0,,,,,,,,,,,1.0,,,,,,1.0,,,,,,,,,,,,,,,1.0,1.0,1.0,,1.0,1.0,,,,,,,,,1.0,,1.0,,,,,,,,,,,,,,,,1.0,,,,,,,,1.0,,,1.0,1.0,,,,,,,,,,,,,,,,,,,1.0,,,,,,,,,,,,,,,,1.0,,,,,
Kaja,,,,,,1.0,,,1.0,,,,,,,,,,,1.0,,1.0,1.0,,,,,,,,,,,,,,,1.0,1.0,1.0,,,,1.0,1.0,1.0,,1.0,,,,,,,,,,,,1.0,,,,,,,,,,,,,,,,1.0,,,,,,,,1.0,,,1.0,1.0,,1.0,,,,,,,,,,,,,1.0,,,,,,,,,,1.0,,,,,,,,,,1.0,,,,,
Selena,,,,,,1.0,,,1.0,,,1.0,,,,,,,,1.0,,,,,,,,,,,,,,,,,,,1.0,,,,,1.0,1.0,1.0,,1.0,,,,,,,,1.0,,,1.0,1.0,,,,,,,,,,,,,,,1.0,1.0,,,1.0,,,,,,,,1.0,1.0,,,,,,,,,,,,,,,,,,,1.0,,,,,1.0,,,1.0,,,,,,,1.0,1.0,,,,,
Aldous,,,,,,1.0,,,1.0,,1.0,,,,,,,,,,,,,1.0,,,,,,,,,,,,,,1.0,1.0,1.0,,1.0,,1.0,,,,,,,,,,,1.0,,,,1.0,,,,,,,,,,,,,,,,,1.0,,,,,,1.0,,,,,1.0,1.0,,1.0,,,1.0,,,,1.0,,,,,,1.0,1.0,,,1.0,,1.0,,,,,,,,,,,,,,1.0,,,1.0,,
Claude,,,,,,1.0,,,1.0,,1.0,1.0,,,,,,,,,,,,,,,,,,,,,,,1.0,1.0,,,1.0,,,,,1.0,,,,,,,,,,,,,,,,,,,1.0,,,,,,,,,,,,,1.0,,,1.0,,,,,1.0,,,1.0,1.0,,,,,,,,,1.0,,,,,,,,,,1.0,,,,,,,,,,,,,,,,1.0,,1.0,,,
Vale,,,,,,,,,,,,1.0,,,,,,,,,,,,,,,,,,,,,,,,,,,,,,,,1.0,,,,1.0,,,,,,,,,,,1.0,1.0,,,,,,,,,,,,,,,,1.0,,,,,,,,1.0,,,1.0,1.0,,,,,,,,,,,,,,,,,,,,,,,,1.0,,,,,,,,,,,1.0,,,,,
Leomord,,,,,,1.0,,,1.0,,,,,,,,,,1.0,,,1.0,,,,,,,,,,,,,,,,,1.0,,,,1.0,,,1.0,,,,,,,,,,1.0,,,1.0,,,,,,1.0,,,,,,,,,,1.0,1.0,,,1.0,,,,,1.0,,,1.0,1.0,1.0,1.0,,,1.0,,,,1.0,,,,,,,,,,1.0,,,,,,,,,1.0,,,,1.0,,,1.0,,,1.0,,
Lunox,,,,,,,,,1.0,,,,,,,,,,1.0,,,1.0,,,,,,,,,,,,,,,,,,,,,,1.0,,1.0,,1.0,,,,,,,,,,,,1.0,,1.0,,,1.0,,,,,,,,,,,1.0,1.0,,,,,,,1.0,,,1.0,1.0,,1.0,,,,,,,,,,,1.0,,1.0,,,,,,,,,,1.0,1.0,,,,,1.0,,,,1.0,,,,,
Hanzo,,,,,,1.0,,,,,1.0,,,,,,1.0,,1.0,,,1.0,,,,1.0,,,,,,,,1.0,1.0,,,,,,,,,,,,,,,,,,,,,,,,,,,,,,1.0,,1.0,,,,,,,,1.0,1.0,,,,,,,,,,,1.0,1.0,,1.0,,1.0,,,,,1.0,,,,,,1.0,,,,,,,,,,,,1.0,,,,,,,,1.0,1.0,,1.0,,
Belerick,,,,,,,,,,,,,,,,,,,,,,,,,,,,,,,,,,,,,,,1.0,,,,,1.0,1.0,,,1.0,,1.0,,,,,,,,,1.0,1.0,,1.0,,,,,,,,,,,,,,1.0,,,,,,,,1.0,,,1.0,1.0,,1.0,,,,,,,,,,,,,,,,,,,,,,1.0,,,,,,,1.0,,,,1.0,,,,,
Kimmy,,,,,,1.0,,,1.0,,,1.0,,,,,,,,,,,,,,,,,,,,,,,1.0,1.0,1.0,,,,,,,,,,,1.0,,,,,,,,,,,,1.0,,,,,,,,,1.0,,,,,,,1.0,,,,,,,,1.0,,,1.0,1.0,1.0,,,,,,,,,1.0,,,,,,,,,,,,,,,,,,,,,,,,,1.0,,,,1.0,1.0
Thamuz,,,,,,1.0,,,,,1.0,,,,,,,,1.0,1.0,,,1.0,,,,,,,,,,,,,1.0,,,1.0,,,,,,,1.0,,,1.0,,,,,,,,,,,,,,,,,,,,,,,,,,,1.0,,,,,,,,1.0,,,1.0,1.0,,1.0,,1.0,,,,,1.0,,,,,,,,,,,,,,,,,,,,,,1.0,,,,1.0,1.0,1.0,,,
Harith,,,,,,1.0,,,,,,,,1.0,,,,,,,,,1.0,,,,,,,,,,,,,,,,1.0,,,,,1.0,1.0,1.0,,1.0,,,,,,,,,,,,,,,,,,,,,,,,,,,,1.0,,,,,1.0,,,1.0,,,1.0,,,,,,,,,,,,,,,,,,,,1.0,,,,,,,,,,,,,,1.0,,1.0,,,,1.0,
Minsitthar,,,,,,,,,,,,,,,,,,,1.0,,,,,,,,,,,,,,1.0,,,,1.0,,,,,,,1.0,,,,,,,,,,,,1.0,,,1.0,,,,,,,,,,,,,,,,,1.0,,,1.0,,,1.0,,,,,1.0,1.0,,,,,,,,1.0,1.0,,,,,,1.0,,,,,,,,,,1.0,,1.0,,1.0,,,,,1.0,1.0,,,1.0,,
Kadita,,,,,,,,,,,,,,,,,,,,,,,,,,,,,,,,,,,,,,,,,,,,,,,,,,,,,,,,,,,,,,,,,,,,,,,,,,,,,,,,,,,,,,,,,,,,,,,,,,,,,,,,,,,,,,,,,,,,,,,,,,,,,,,,
Faramis,,,,,,,,,,,,1.0,,,1.0,,,,,,,1.0,,,,,,,,,,,,,,,,,,,,,,1.0,,,,1.0,,,,,,,,,,,1.0,1.0,,,,,1.0,,,,,,,,,,,1.0,,1.0,,,,,,1.0,,,1.0,1.0,,,,,,,,1.0,,,,,,,,,,,,,,,,,1.0,,,,,,1.0,,,,1.0,,,,,
Badang,,,1.0,,,1.0,,,,,1.0,1.0,,,,,,,,,,,,,,1.0,,,,,,,,,,,,,,,,,,,,1.0,,,,,,,,1.0,,,,,1.0,,,,,,,,,,,,1.0,,,1.0,,1.0,,,,,,1.0,,1.0,,,1.0,,,,,1.0,1.0,,,,1.0,,,,,,1.0,1.0,,,1.0,,,,,,,,,,,,,,,,,,,1.0,,
Khufra,,,,,,,,,,,,,,,,,,,,,,,,,,,,,,,,,,,,,,,,,,,,,,,,,,,,,,,,,,,,,,,,,,,,,,,,,,,,,,,,,,,,,,,,,,,,,,,,,,,,,,,,,,,,,,,,,,,,,,,,,,,,,,,,
Granger,,,,,,1.0,,,1.0,,1.0,1.0,,,,,,,1.0,1.0,,,,,,,,,,,,,,,1.0,,,,1.0,,,,,,,1.0,,,,,,,,,,,,,,,,,,1.0,,,,,,,,,,,,1.0,,,,,,,,,,,1.0,,,,,1.0,,,,,1.0,,,,,,1.0,,,,,,,,,,,,,,,1.0,,,,,1.0,,1.0,,,
Guinevere,,,,,,1.0,,,1.0,,,1.0,,,,,,,1.0,1.0,,,,,,,,,,,,,,,,,,,,,,,,,1.0,,,1.0,,,,,,1.0,,,,,1.0,1.0,,,,,,,1.0,,,,,,,,,1.0,,,,,,,,,,,1.0,1.0,,,,1.0,,,,,,,,,,,1.0,,,,,,,,,,1.0,,,,,,1.0,,,,1.0,,,,,
Esmeralda,,,,,1.0,1.0,,,,,1.0,1.0,,1.0,,1.0,,,,,,,,,,,,,,,,,,,,,,,,,,,,1.0,1.0,,,1.0,,,,,,,,,,,,,,,,,,,,,,,,,,,,1.0,,,,,,,,1.0,,,1.0,1.0,,1.0,,,,,,,1.0,,,,,,,,,,1.0,,,,,,,,,,,,,,,,1.0,,,1.0,,
Terizla,,,,,,,,,,,,1.0,,,,,,,1.0,,,,,,,,,,,,,,,,1.0,,1.0,,,,,1.0,,1.0,,1.0,,,,1.0,,,,,,,,,1.0,,,,,,,,,,,,,,1.0,,,1.0,,,,,,,,1.0,,,1.0,1.0,,,,,,,,,1.0,,,,,1.0,,,,,,,,,1.0,1.0,,,,1.0,,,,,,,1.0,,1.0,,,
X.Borg,,,,,,1.0,,1.0,1.0,,,1.0,,,,,,,1.0,,,,,,,,,,,,,,,,,,,1.0,,,,,,,,1.0,,,,,1.0,,,,1.0,1.0,,,1.0,,,,,,,,,,1.0,,,,,,,1.0,,,,,,,,1.0,,,1.0,,,1.0,,,1.0,,,,1.0,1.0,,,,,,,,,,,,,,,,,,,,,,,,,1.0,1.0,1.0,1.0,,
Ling,,,,,,1.0,,,,,1.0,1.0,1.0,,,,,,1.0,,,,,,,,,,,,,,,,,,1.0,,1.0,,,,1.0,,,,,,,,,,,,,,,,1.0,,,,1.0,1.0,,,1.0,,1.0,,,,,,,1.0,,,,,,,,,,,1.0,1.0,,,,,,1.0,,,1.0,,,,1.0,,1.0,,,1.0,,,,,,,1.0,1.0,,,,1.0,,1.0,,,1.0,,,,,
Dyrroth,,,,,,1.0,,,1.0,,,1.0,,,,,,,1.0,1.0,,,1.0,,,,,,,,,,,,1.0,,,1.0,,,,,,,,1.0,,,,1.0,,,,,,,,,,,,1.0,,,,,,,,,,,1.0,,,1.0,,,,,,,,1.0,,,1.0,1.0,,,,1.0,,,,,1.0,,1.0,,,,1.0,,,,,,,1.0,,,1.0,,,,,,1.0,,,,1.0,,1.0,,,
Lylia,,,,,,1.0,,,,,,,,,,,,,,,,,,,,,1.0,,,,1.0,,,,,,,,,,,,,1.0,1.0,1.0,,1.0,,,,,,,,,,,,1.0,,,,,,,,,,,,,,,,1.0,1.0,,,,,,,1.0,,,1.0,1.0,,1.0,,,,,,,,,,,,,,,,,,,,,,1.0,1.0,1.0,,,,,,,,,1.0,,,,,
Baxia,,,,,,,,,,,,,1.0,,,,,,,1.0,,,1.0,,,,,,,,,,,,,,1.0,,,,,1.0,,1.0,,1.0,,1.0,1.0,,,1.0,,,,,,,1.0,1.0,,,,,,,,,,,,,,,,1.0,,,,,,,,1.0,,,1.0,1.0,,1.0,,,,,,,,,,,,,1.0,,,,,,,,,1.0,,,1.0,,,,1.0,,,1.0,1.0,,,,,
Masha,,1.0,,,,1.0,,,1.0,,,1.0,,,,,,,1.0,,,,,,,1.0,,,,,,,,,1.0,,1.0,1.0,,1.0,,,,,,1.0,,,,,,,,1.0,,,,,,,,1.0,,,,,,,1.0,1.0,,1.0,,,,1.0,,,,1.0,,,1.0,1.0,,,1.0,1.0,,,,1.0,1.0,,,,1.0,1.0,,,1.0,,,,,,,,,,,1.0,1.0,,1.0,1.0,,,,,,,1.0,,,1.0,,
Wanwan,,,,,,1.0,,,,,,1.0,1.0,,,,,,1.0,,,,,,,,,,,,,,,,1.0,1.0,,,1.0,,,,,1.0,,,,,,,,,,,,,,,1.0,,,,,,,1.0,,,,,,,,,,1.0,,,,,,,,1.0,1.0,,1.0,1.0,,,1.0,,,,,,1.0,,,,,,,,1.0,,,,,,,,,,,,,,,,,1.0,1.0,1.0,1.0,,,
Silvanna,,,,,,1.0,,,1.0,,,,,,,,,,1.0,,,1.0,,,1.0,,,,,,,,,1.0,1.0,1.0,,,1.0,,,,,1.0,1.0,,,1.0,1.0,,,,,,,,,,1.0,1.0,,,,,1.0,,,,,,,,,,,1.0,,,,,,,,1.0,,,1.0,,1.0,,,,,,,1.0,,,,,,,,,,,1.0,,,1.0,,,,,1.0,,,,,,,1.0,1.0,,,,,1.0
Cecilion,,,,,1.0,,,,,,,1.0,,,,,,,1.0,,,,,,,,1.0,,,,,,,,,,,,,,,,,1.0,,1.0,,1.0,,1.0,,,,,,,,,1.0,1.0,1.0,,,,,,,,,,,,,,,1.0,,,,,,,,1.0,,1.0,1.0,1.0,,,,,,,,,,,,,,1.0,,,,,1.0,,,,,1.0,,,,,,,1.0,,,,1.0,,,,,
Carmilla,,,,,,1.0,,,,,,,,,,,,,1.0,,,1.0,,,,,,,,,,,,,,,,,,,,,,1.0,,1.0,,1.0,1.0,,,,,,,1.0,1.0,,1.0,1.0,,1.0,,,1.0,,,,,,,,,1.0,,1.0,,,,,,,,,,,1.0,1.0,,,,,,,,,,,,1.0,,,1.0,,,,1.0,,,1.0,,1.0,1.0,,1.0,,,,1.0,,,1.0,1.0,,,,,
Atlas,,,,,,1.0,,,,,,,,,,,,,1.0,,,1.0,,,,,,,,1.0,,,,,1.0,1.0,,,,,1.0,1.0,,1.0,,,,1.0,1.0,,,,,,,,,,1.0,1.0,,,,,1.0,,,,,,,,,,,1.0,,,,,,,,1.0,,,1.0,1.0,,,,,,,,,,,,,,,,,,,,,,1.0,,,,,1.0,,,,,,,1.0,1.0,,,,,
Popol and Kupa,,,,,,,,,,,1.0,,,,,,,,,,,,,,,,,,,,,,,,,,,,,,,,,,,,,,,,,,,,,,,,,,,,1.0,,,,,,,,,,,,,1.0,,,,,,,,,,,1.0,,,1.0,,,,,,,1.0,,,,,,,,,,,,,,,,,,,,,,,,,,1.0,,,,,
Yu Zhong,,,,,,1.0,,,1.0,,,,,,,,,,1.0,,,,,,,,,,,,,,,,,,,,1.0,,,,,,,1.0,,,,1.0,,,,1.0,,,,,1.0,,,,,,,,1.0,,,,,,,,1.0,1.0,,,,1.0,,,,1.0,,,1.0,1.0,,1.0,,,,,,,1.0,,,,,,,1.0,,,,,,,,,,,,1.0,1.0,,,,,,1.0,,1.0,1.0,,
Luo Yi,1.0,,,,,,,,1.0,,,1.0,,,,,,1.0,1.0,,,,,,1.0,,,,,,1.0,,,,,,,,,,,,,1.0,,1.0,,1.0,,,,,,,,,,,1.0,1.0,,,,,,,,,,,,,,,,1.0,1.0,,,,,,,1.0,,,1.0,1.0,,,,,,,,,,,,,,,,,,,1.0,,,,,,,,1.0,,,,,,,1.0,,,,,,
Benedetta,,,,,,1.0,,,1.0,,1.0,,,,,,,,1.0,,,,,,,,,,,,,,,,,,,,,,,,,1.0,,,,,,,,,,1.0,1.0,,,1.0,,,,,,,,,,,,,1.0,,,,,1.0,,,,,,,,1.0,,,1.0,1.0,,,,,,,,,1.0,,,,,,1.0,,,,,,,,,,,,,,,,,,,,1.0,,,1.0,,
Khaleed,,,,,,1.0,1.0,,1.0,,1.0,,,,,,,,1.0,,,,,,,,,,,,,,1.0,,,,,,1.0,,,1.0,,,,,,,,,,,,1.0,,1.0,,,1.0,,,1.0,,,,,,,,,,,,,,1.0,,,,,,1.0,,1.0,,,1.0,1.0,1.0,,,,,,,,1.0,,,,,1.0,1.0,,,,,,,,,1.0,,,1.0,,,,,,,,,,,1.0,,
Barats,,,,,,,,,,,,,,,,,,,,,,,,,,,,,,,,,,,,,,,,,,,,,,,,,,,,,,,,,,,,,,,,,,,,,,,,,,,,,,,,,,,,,,,,,,,,,,,,,,,,,,,,,,,,,,,,,,,,,,,,,,,,,,,,
Brody,,,,,,1.0,,,1.0,,,1.0,,,,,,,1.0,,,,,,,,,,,,,,,,1.0,,,1.0,,,,,,1.0,,1.0,,,,1.0,,,,,,,,,1.0,,,,,1.0,,,,,,,,,,,,1.0,,,,,,,,1.0,,,1.0,1.0,,,,1.0,,,,,1.0,,,,,,1.0,,,,,,,,,,,,1.0,,,,,,,1.0,1.0,,1.0,,,
Yve,,,,,,,,,,,,1.0,,,,,,,1.0,,,,1.0,,,,,,,,,,,,,,,,,,,,,1.0,,1.0,,1.0,,,,,,,,,1.0,,1.0,1.0,1.0,,,,,,,,,,,,,,,1.0,,,,,,,,1.0,,,1.0,1.0,,,,,,1.0,,,,,,,,,,,,,1.0,,,,,,,,,,,,,,,,1.0,,,,,
Mathilda,,,,,,1.0,,,1.0,,,1.0,,1.0,,,,,,,1.0,,,,,,,,,,,,,,,,,,1.0,,,,,1.0,1.0,,1.0,1.0,,,,,,1.0,1.0,,,,,,,,,,,,1.0,,,,,,,,,1.0,,,,,,,,,,,1.0,1.0,,,,,,,,,,,,,,,1.0,,,,1.0,,,,,1.0,,,,,,,,,,,,,,,,
Paquito,,,1.0,,,1.0,,,1.0,,,1.0,,,,,,,1.0,1.0,,,,,,,,,,,,,,,,,,,,,,,,,,,,,,,,,,,,,,,1.0,,,,,,,,1.0,,,1.0,1.0,,,,,1.0,,,,,,,,1.0,,,1.0,1.0,,,,1.0,,,,,1.0,,,1.0,,,1.0,,,,1.0,1.0,,,,,,,,,,,,,,,1.0,,1.0,,,
Gloo,,,,,,,,,1.0,,,,,,,,,,,,,,,,,,,,,,,,,,,,,,,,,1.0,,1.0,,1.0,,1.0,,,,,,,,,,,1.0,1.0,1.0,1.0,,,,,,,,,,,,,1.0,1.0,,,,,,,,1.0,,,1.0,,,1.0,,1.0,,,,,,,,,,,,,,,,,,,,,1.0,,,,,,1.0,,,,1.0,,,,,
Beatrix,,,,,,1.0,,,1.0,,1.0,1.0,,,,,,,1.0,,,,1.0,,,,,,,,,,,,,,,,,,,,,,,1.0,,,,,,,,,,,,,,,,,,,,,,,,,,,,,1.0,1.0,,,,,,,,1.0,,,1.0,,,,1.0,,,1.0,,,1.0,,,,,,1.0,,,1.0,,,,,,,,,,1.0,,,,,,,1.0,,1.0,,1.0,
Phoveus,1.0,,,,,1.0,,,1.0,,,1.0,,1.0,,,,,,,,,,,1.0,,1.0,,,,,,,,,,,1.0,,,,,,1.0,,,,1.0,,,1.0,,1.0,,,,,,1.0,,,,,,,,,,,1.0,,,,,,1.0,,,,,,,,1.0,,,1.0,1.0,,,,,1.0,,,,,,,1.0,,,,,,,1.0,,,,,,,,,,,,,,,,1.0,,,,,
Natan,,,,,,1.0,,,1.0,,,1.0,,,,,,,,,,,,,,,,,,,,,,,,1.0,,,,,,,,1.0,,,,1.0,,,,1.0,,,,,1.0,,1.0,1.0,,,,,,,,,,,,,,,,1.0,,,1.0,,,,1.0,,,,1.0,1.0,,,,1.0,,,,,,,,1.0,,,,,,,,,,,,,,,,,,,,,,,1.0,,,,,1.0
Aulus,,,,1.0,,,1.0,,,,1.0,1.0,,,,,,,1.0,,,,,,,,,,,,,,,,1.0,1.0,,,,,,1.0,1.0,1.0,,1.0,,,,,,,,,,,,,,,,,,,,,,1.0,,,,,,,,1.0,,,,,,,,,,,1.0,1.0,,,,1.0,,,,,1.0,,,,,,,,,,,,,,,1.0,,,,1.0,,,,,,,1.0,,,,,
Aamon,,,,,,,,,1.0,,,1.0,,,,,,,1.0,,,,1.0,,,,,1.0,1.0,,,,,,,,,,1.0,,,,,1.0,1.0,,,1.0,,1.0,,,,,,,,,,1.0,,,,,,,,,,,,,,,,1.0,,,,,,,,,,,1.0,1.0,,,,,,,,,,,,1.0,,,1.0,,,,,,,,,,1.0,,,,,,,,,,1.0,,,,,
Valentina,,,,,,1.0,1.0,,,1.0,,,,,,,,,1.0,,,,1.0,,,,1.0,,,,,,,,,,,,1.0,,,,,1.0,,1.0,,1.0,,,,,,,,,,,1.0,,,1.0,,,,,,1.0,,,1.0,,,,1.0,1.0,,,,,,,,,,,1.0,1.0,,,,,,,,,,,1.0,,,,1.0,,,,,,,,,,1.0,,,1.0,,,,,,,1.0,,,,,
Edith,,,,,1.0,1.0,,,,,,1.0,,1.0,1.0,1.0,,,1.0,,,1.0,,,,,,,,,,,,,1.0,,,1.0,,,1.0,1.0,,,1.0,,,1.0,,,,,,,,,,,1.0,,,,,,,,1.0,,,1.0,,,,,1.0,1.0,,,,,,,1.0,1.0,,,1.0,,,,1.0,1.0,,,,,1.0,,,,,,,,1.0,,1.0,,,1.0,,,,,,,,,,,1.0,,1.0,,,1.0,,
Floryn,,,,,,,,,,,,,,,,,,,,,,,,,,,,,,,,,,,,,,,,,,,,1.0,,,,1.0,,,,,,,,,,,1.0,,,1.0,,,,,,,,,,,,,,1.0,,,,,,1.0,,,,,1.0,,,,,,,,,,,,,,,,1.0,,,,1.0,,,,,,1.0,,1.0,,,,,,,,1.0,,,,,
Yin,,,,,,1.0,,,1.0,,,1.0,,,,,,,1.0,,,1.0,,,,,,,1.0,,,1.0,,,,,,,,,,1.0,,,,,,,,,,1.0,,,,,,,1.0,,,,,,1.0,,,,,,,,,,,1.0,,,,1.0,,,,,,1.0,1.0,1.0,,1.0,,,,,,1.0,1.0,,,1.0,,,,,,,,,,,,1.0,,,1.0,,,1.0,,,,1.0,1.0,,1.0,,1.0,
Melissa,,,,,,1.0,,,1.0,,,,,,,,,,1.0,,,1.0,,,,,,,,,,1.0,,,1.0,1.0,1.0,,,,,,,1.0,,,,1.0,1.0,,,1.0,,,,,,,,,,,,,1.0,,,,,,,,,,,1.0,,,1.0,1.0,,,,1.0,,1.0,1.0,1.0,,1.0,1.0,,,,,,1.0,,,,,,,,,,,,,,,,,,,,,1.0,,,,,1.0,,1.0,,,
Xavier,,,,,1.0,,,,,,,1.0,,,,,,,,1.0,,,,,,,,,,,,1.0,,,,,,,,,,,,1.0,,1.0,,1.0,,,,,,,,,,,,1.0,1.0,,,,,,,,,,,,,,,1.0,,,,,,,,1.0,,1.0,1.0,1.0,,1.0,,,,,,,,,,,,,,,,,,,,,,,,,,,,1.0,,,,,1.0,,,,,
Julian,,,,,1.0,1.0,,,1.0,,,,,,,,,,1.0,,,,,,,,,1.0,,,,1.0,,,,,,,1.0,,,,,1.0,1.0,1.0,,1.0,,,,,,,1.0,,,,1.0,1.0,1.0,,,,,,1.0,,,,,,,,,1.0,,,,,,,,,,1.0,1.0,1.0,,1.0,,,,,,,,,,,,1.0,1.0,,,,,,,,,,,1.0,,,,1.0,,,1.0,,1.0,,,,,
Fredrinn,,,,,,1.0,,,,,,1.0,,,,,,,,,,1.0,,,,,,,,,,,,,,,,,1.0,,,,,,,,,,,,,,,,,,,,1.0,,,1.0,,,1.0,,,,,,1.0,,,,,,,,,,,,,1.0,,,1.0,,,1.0,,,,,,,1.0,,,,,,1.0,,,,,,,,,,,,,,,,,,,,1.0,,,,,
Joy,,,,,,1.0,,,,,,,,,,,,,,,,,,,,,,,,,,,,,,,,,,,,,,,,,,1.0,,,,,,,,,,,,,,,,,,,,,,,,,,1.0,,,,,1.0,,,,,1.0,,,1.0,,,,,,,,,,,,,,,,1.0,,,,,,,,,1.0,,,,,,,,,,,1.0,,,,,
Novaria,,,,,,,,,,,,1.0,,,,,,,,,,,,,,,,,,,,,,,,,,,,,,,,1.0,,1.0,,1.0,,,,,,,,,,,,,,,,,,,,,,,,,,,,1.0,,,,,,,,1.0,,,1.0,1.0,,,,,,,,,,,,,,,,,,,,,1.0,,,,,,,,,,,,,,1.0,,,,,
Arlott,,,,,,1.0,,,,,,,,,,,,,,,,,,,1.0,,,,,,,,,,,,,,,,,,,1.0,,,,,,,,,,,,,,,1.0,,,,,,,,,,,,,,,1.0,,,,,,,,,,1.0,,,1.0,,,,,,,,,,1.0,,,,,,1.0,,,,,,,,,,1.0,,,,,,,,,,1.0,,,,,
Ixia,,,,,,,,,,,,1.0,,,,,,,1.0,,,,,,,,,,,,,,,,,,,,,,,,,1.0,,,,,,,1.0,,,,,,,,1.0,,,1.0,,,,,,,,,,,,,,,,,,,1.0,,1.0,1.0,,,1.0,,1.0,,,1.0,,,,,1.0,,,,,,1.0,,,,,,,,,,1.0,,,,,,,,,,,,,,,
Nolan,,,,,,1.0,,1.0,,,,,,,,,,,,,,,1.0,,,,,,,,,,,,,,,,,,,,,,,,,,,,,,1.0,,1.0,1.0,,,,,,,,,,1.0,,,1.0,,1.0,,,,,1.0,,,,,,,,1.0,1.0,,1.0,,,,,,,,,,1.0,1.0,,,,1.0,1.0,,,,,,,,,,,,,,,,,,,,,,,,,
Cici,,,,,,1.0,,,,,,1.0,,,,,,,,,,,,,,,,,,,,,,,,,,,,,,,,,,1.0,,,,,,,,,,,,,1.0,,,,,,,,,,,,,,,,,,,,,,,,,,,,1.0,,,,,,,,,,,,,,,,,,,,,,,,,,,,,,,,,,,,1.0,,,,,
